source_id,country_code,source_program,layer,year,period,artifact_name,artifact_type,format,source_path,schema_source,status,notes,schema_type,source_exists,schema_exists,schema_var_count,schema_signature
ADMIN_UIS_2021_2024,ARG;HND;PRY,UIS admin,admin,2024,2021-2024_window,sdg_data_sample_recent_2021_2024.csv;opri_data_sample_recent_2021_2024.csv,bulk_csv,csv,C:/Users/mglez/Documents/MGS/v0013/git_model/gem_unesco_st_analysis_demo/data/raw/UIS_ADMIN,C:/Users/mglez/Documents/MGS/v0013/git_model/gem_unesco_st_analysis_demo/data/raw/UIS_ADMIN/sdg_data_sample_recent_2021_2024.csv,active,Published UIS administrative indicator layer,csv,TRUE,TRUE,6,INDICATOR_ID|COUNTRY_ID|YEAR|VALUE|MAGNITUDE|QUALIFIER
FIN_CRS_2021_2024,ARG;HND;PRY,OECD DAC/CRS,finance,2024,2021-2024_window,education_oda_disbursements_constant_prices.csv,csv_export,csv,C:/Users/mglez/Documents/MGS/v0013/git_model/gem_unesco_st_analysis_demo/data/raw/OECD_DAC_CRS/education_oda_disbursements_constant_prices.csv,C:/Users/mglez/Documents/MGS/v0013/git_model/gem_unesco_st_analysis_demo/data/raw/OECD_DAC_CRS/education_oda_disbursements_constant_prices.csv,active,Published aid and finance layer,csv,TRUE,TRUE,104,STRUCTURE|STRUCTURE_ID|STRUCTURE_NAME|ACTION|DONOR|Donor|RECIPIENT|Recipient|SECTOR|Sector|MEASURE|Measure|CHANNEL|Channel|MODALITY|Modality|FLOW_TYPE|Flow type|PRICE_BASE|Price base|MD_DIM|Drilldown dimension|MD_ID|Microdata ID|UNIT_MEASURE|Unit of measure|TIME_PERIOD|Time period|OBS_VALUE|Observation value|BASE_PER|Base period|OBS_STATUS|Observation status|UNIT_MULT|Unit multiplier|DECIMALS|Decimals|DONOR_AGENCY|Donor agency|OECD_ID|OECD ID|DONOR_PROJECT_ID|Donor project ID|REGION|Region|INCOME_GROUP|Income group|CHANNELDELIVERY_CODE|Channel of delivery code|CHANNELDELIVERY_NAME|Channel of delivery name|CATEGORY_CODE|Category code|CATEGORY_NAME|Category name|FINANCETYPE_CODE|FinanceType code|FINANCETYPE_NAME|FinanceType name|BIMULTI_CODE|BiMulti code|SHORT_DESCRIPTION|Short description|PROJECT_TITLE|Project title|LONG_DESCRIPTION|Long description|SDG_FOCUS|SDG focus|GENDER_EQUALITY|Gender equality|ENVIRONMENT|Environment|GOVERNANCE|Governance|RMNCH|RMNCH|DRR|DRR|NUTRITION|Nutrition|DISABILITY|Disability|BIODIVERSITY|Biodiversity|CLIMATE_MITIGATION|Climate mitigation|CLIMATE_ADAPTATION|Climate adaptation|DESERTIFICATION|Desertification|AMOUNT_TIED|Amount tied|AMOUNT_UNTIED|Amount untied|AMOUNT_PARTIALLY_UNTIED|Amount partially untied|NATURE_OF_SUBMISSION|Nature of submission|PSIFLAG_CODE|PSI flag|PSIFLAG_NAME|PSI Flag name
ARG_EPH_2021_T1,ARG,EPH,household_core,2021,Q1,EPH_usu_1_Trim_2021_txt.zip,microdata_archive,zip,C:/Users/mglez/Documents/MGS/v0013/git_model/merida_raptor_mgs/docs/others/jobs/remote/un/Statistical Analysis Consultant/github_sample/data/NSO/Argentina/EPH_usu_1_Trim_2021_txt.zip,C:/Users/mglez/Documents/MGS/v0013/git_model/gem_unesco_st_analysis_demo/data/raw/NSO/Argentina/extracted_recent_microdata/EPH_usu_1_Trim_2021_txt/usu_individual_T121.parquet,existing,Canonical Argentina household source for annual indicator reconstruction,parquet,TRUE,TRUE,177,CODUSU|ANO4|TRIMESTRE|NRO_HOGAR|COMPONENTE|H15|REGION|MAS_500|AGLOMERADO|PONDERA|CH03|CH04|CH05|CH06|CH07|CH08|CH09|CH10|CH11|CH12|CH13|CH14|CH15|CH15_COD|CH16|CH16_COD|NIVEL_ED|ESTADO|CAT_OCUP|CAT_INAC|IMPUTA|PP02C1|PP02C2|PP02C3|PP02C4|PP02C5|PP02C6|PP02C7|PP02C8|PP02E|PP02H|PP02I|PP03C|PP03D|PP3E_TOT|PP3F_TOT|PP03G|PP03H|PP03I|PP03J|INTENSI|PP04A|PP04B_COD|PP04B1|PP04B2|PP04B3_MES|PP04B3_ANO|PP04B3_DIA|PP04C|PP04C99|PP04D_COD|PP04G|PP05B2_MES|PP05B2_ANO|PP05B2_DIA|PP05C_1|PP05C_2|PP05C_3|PP05E|PP05F|PP05H|PP06A|PP06C|PP06D|PP06E|PP06H|PP07A|PP07C|PP07D|PP07E|PP07F1|PP07F2|PP07F3|PP07F4|PP07F5|PP07G1|PP07G2|PP07G3|PP07G4|PP07G_59|PP07H|PP07I|PP07J|PP07K|PP08D1|PP08D4|PP08F1|PP08F2|PP08J1|PP08J2|PP08J3|PP09A|PP09A_ESP|PP09B|PP09C|PP09C_ESP|PP10A|PP10C|PP10D|PP10E|PP11A|PP11B_COD|PP11B1|PP11B2_MES|PP11B2_ANO|PP11B2_DIA|PP11C|PP11C99|PP11D_COD|PP11G_ANO|PP11G_MES|PP11G_DIA|PP11L|PP11L1|PP11M|PP11N|PP11O|PP11P|PP11Q|PP11R|PP11S|PP11T|P21|DECOCUR|IDECOCUR|RDECOCUR|GDECOCUR|PDECOCUR|ADECOCUR|PONDIIO|TOT_P12|P47T|DECINDR|IDECINDR|RDECINDR|GDECINDR|PDECINDR|ADECINDR|PONDII|V2_M|V3_M|V4_M|V5_M|V8_M|V9_M|V10_M|V11_M|V12_M|V18_M|V19_AM|V21_M|T_VI|ITF|DECIFR|IDECIFR|RDECIFR|GDECIFR|PDECIFR|ADECIFR|IPCF|DECCFR|IDECCFR|RDECCFR|GDECCFR|PDECCFR|ADECCFR|PONDIH
ARG_EPH_2021_T2,ARG,EPH,household_core,2021,Q2,EPH_usu_2_Trim_2021_txt.zip,microdata_archive,zip,C:/Users/mglez/Documents/MGS/v0013/git_model/merida_raptor_mgs/docs/others/jobs/remote/un/Statistical Analysis Consultant/github_sample/data/NSO/Argentina/EPH_usu_2_Trim_2021_txt.zip,C:/Users/mglez/Documents/MGS/v0013/git_model/gem_unesco_st_analysis_demo/data/raw/NSO/Argentina/extracted_recent_microdata/EPH_usu_2_Trim_2021_txt/usu_individual_T221.parquet,existing,Canonical Argentina household source for annual indicator reconstruction,parquet,TRUE,TRUE,177,CODUSU|ANO4|TRIMESTRE|NRO_HOGAR|COMPONENTE|H15|REGION|MAS_500|AGLOMERADO|PONDERA|CH03|CH04|CH05|CH06|CH07|CH08|CH09|CH10|CH11|CH12|CH13|CH14|CH15|CH15_COD|CH16|CH16_COD|NIVEL_ED|ESTADO|CAT_OCUP|CAT_INAC|IMPUTA|PP02C1|PP02C2|PP02C3|PP02C4|PP02C5|PP02C6|PP02C7|PP02C8|PP02E|PP02H|PP02I|PP03C|PP03D|PP3E_TOT|PP3F_TOT|PP03G|PP03H|PP03I|PP03J|INTENSI|PP04A|PP04B_COD|PP04B1|PP04B2|PP04B3_MES|PP04B3_ANO|PP04B3_DIA|PP04C|PP04C99|PP04D_COD|PP04G|PP05B2_MES|PP05B2_ANO|PP05B2_DIA|PP05C_1|PP05C_2|PP05C_3|PP05E|PP05F|PP05H|PP06A|PP06C|PP06D|PP06E|PP06H|PP07A|PP07C|PP07D|PP07E|PP07F1|PP07F2|PP07F3|PP07F4|PP07F5|PP07G1|PP07G2|PP07G3|PP07G4|PP07G_59|PP07H|PP07I|PP07J|PP07K|PP08D1|PP08D4|PP08F1|PP08F2|PP08J1|PP08J2|PP08J3|PP09A|PP09A_ESP|PP09B|PP09C|PP09C_ESP|PP10A|PP10C|PP10D|PP10E|PP11A|PP11B_COD|PP11B1|PP11B2_MES|PP11B2_ANO|PP11B2_DIA|PP11C|PP11C99|PP11D_COD|PP11G_ANO|PP11G_MES|PP11G_DIA|PP11L|PP11L1|PP11M|PP11N|PP11O|PP11P|PP11Q|PP11R|PP11S|PP11T|P21|DECOCUR|IDECOCUR|RDECOCUR|GDECOCUR|PDECOCUR|ADECOCUR|PONDIIO|TOT_P12|P47T|DECINDR|IDECINDR|RDECINDR|GDECINDR|PDECINDR|ADECINDR|PONDII|V2_M|V3_M|V4_M|V5_M|V8_M|V9_M|V10_M|V11_M|V12_M|V18_M|V19_AM|V21_M|T_VI|ITF|DECIFR|IDECIFR|RDECIFR|GDECIFR|PDECIFR|ADECIFR|IPCF|DECCFR|IDECCFR|RDECCFR|GDECCFR|PDECCFR|ADECCFR|PONDIH
ARG_EPH_2021_T3,ARG,EPH,household_core,2021,Q3,EPH_usu_3_Trim_2021_txt.zip,microdata_archive,zip,C:/Users/mglez/Documents/MGS/v0013/git_model/merida_raptor_mgs/docs/others/jobs/remote/un/Statistical Analysis Consultant/github_sample/data/NSO/Argentina/EPH_usu_3_Trim_2021_txt.zip,C:/Users/mglez/Documents/MGS/v0013/git_model/gem_unesco_st_analysis_demo/data/raw/NSO/Argentina/extracted_recent_microdata/EPH_usu_3_Trim_2021_txt/usu_individual_T321.txt.parquet,existing,Canonical Argentina household source for annual indicator reconstruction,parquet,TRUE,TRUE,178,CODUSU|ANO4|TRIMESTRE|NRO_HOGAR|COMPONENTE|H15|REGION|MAS_500|AGLOMERADO|PONDERA|CH03|CH04|CH05|CH06|CH07|CH08|CH09|CH10|CH11|CH12|CH13|CH14|CH15|CH15_COD|CH16|CH16_COD|NIVEL_ED|ESTADO|CAT_OCUP|CAT_INAC|IMPUTA|PP02C1|PP02C2|PP02C3|PP02C4|PP02C5|PP02C6|PP02C7|PP02C8|PP02E|PP02H|PP02I|PP03C|PP03D|PP3E_TOT|PP3F_TOT|PP03G|PP03H|PP03I|PP03J|INTENSI|PP04A|PP04B_COD|PP04B1|PP04B2|PP04B3_MES|PP04B3_ANO|PP04B3_DIA|PP04C|PP04C99|PP04D_COD|PP04G|PP05B2_MES|PP05B2_ANO|PP05B2_DIA|PP05C_1|PP05C_2|PP05C_3|PP05E|PP05F|PP05H|PP06A|PP06C|PP06D|PP06E|PP06H|PP07A|PP07C|PP07D|PP07E|PP07F1|PP07F2|PP07F3|PP07F4|PP07F5|PP07G1|PP07G2|PP07G3|PP07G4|PP07G_59|PP07H|PP07I|PP07J|PP07K|PP08D1|PP08D4|PP08F1|PP08F2|PP08J1|PP08J2|PP08J3|PP09A|PP09A_ESP|PP09B|PP09C|PP09C_ESP|PP10A|PP10C|PP10D|PP10E|PP11A|PP11B_COD|PP11B1|PP11B2_MES|PP11B2_ANO|PP11B2_DIA|PP11C|PP11C99|PP11D_COD|PP11G_ANO|PP11G_MES|PP11G_DIA|PP11L|PP11L1|PP11M|PP11N|PP11O|PP11P|PP11Q|PP11R|PP11S|PP11T|P21|DECOCUR|IDECOCUR|RDECOCUR|GDECOCUR|PDECOCUR|ADECOCUR|PONDIIO|TOT_P12|P47T|DECINDR|IDECINDR|RDECINDR|GDECINDR|PDECINDR|ADECINDR|PONDII|V2_M|V3_M|V4_M|V5_M|V8_M|V9_M|V10_M|V11_M|V12_M|V18_M|V19_AM|V21_M|T_VI|ITF|DECIFR|IDECIFR|RDECIFR|GDECIFR|PDECIFR|ADECIFR|IPCF|DECCFR|IDECCFR|RDECCFR|GDECCFR|PDECCFR|ADECCFR|PONDIH|V178
ARG_EPH_2021_T4,ARG,EPH,household_core,2021,Q4,EPH_usu_4_Trim_2021_txt.zip,microdata_archive,zip,C:/Users/mglez/Documents/MGS/v0013/git_model/merida_raptor_mgs/docs/others/jobs/remote/un/Statistical Analysis Consultant/github_sample/data/NSO/Argentina/EPH_usu_4_Trim_2021_txt.zip,C:/Users/mglez/Documents/MGS/v0013/git_model/gem_unesco_st_analysis_demo/data/raw/NSO/Argentina/extracted_recent_microdata/EPH_usu_4_Trim_2021_txt/usu_individual_T421.parquet,existing,Canonical Argentina household source for annual indicator reconstruction,parquet,TRUE,TRUE,177,CODUSU|ANO4|TRIMESTRE|NRO_HOGAR|COMPONENTE|H15|REGION|MAS_500|AGLOMERADO|PONDERA|CH03|CH04|CH05|CH06|CH07|CH08|CH09|CH10|CH11|CH12|CH13|CH14|CH15|CH15_COD|CH16|CH16_COD|NIVEL_ED|ESTADO|CAT_OCUP|CAT_INAC|IMPUTA|PP02C1|PP02C2|PP02C3|PP02C4|PP02C5|PP02C6|PP02C7|PP02C8|PP02E|PP02H|PP02I|PP03C|PP03D|PP3E_TOT|PP3F_TOT|PP03G|PP03H|PP03I|PP03J|INTENSI|PP04A|PP04B_COD|PP04B1|PP04B2|PP04B3_MES|PP04B3_ANO|PP04B3_DIA|PP04C|PP04C99|PP04D_COD|PP04G|PP05B2_MES|PP05B2_ANO|PP05B2_DIA|PP05C_1|PP05C_2|PP05C_3|PP05E|PP05F|PP05H|PP06A|PP06C|PP06D|PP06E|PP06H|PP07A|PP07C|PP07D|PP07E|PP07F1|PP07F2|PP07F3|PP07F4|PP07F5|PP07G1|PP07G2|PP07G3|PP07G4|PP07G_59|PP07H|PP07I|PP07J|PP07K|PP08D1|PP08D4|PP08F1|PP08F2|PP08J1|PP08J2|PP08J3|PP09A|PP09A_ESP|PP09B|PP09C|PP09C_ESP|PP10A|PP10C|PP10D|PP10E|PP11A|PP11B_COD|PP11B1|PP11B2_MES|PP11B2_ANO|PP11B2_DIA|PP11C|PP11C99|PP11D_COD|PP11G_ANO|PP11G_MES|PP11G_DIA|PP11L|PP11L1|PP11M|PP11N|PP11O|PP11P|PP11Q|PP11R|PP11S|PP11T|P21|DECOCUR|IDECOCUR|RDECOCUR|GDECOCUR|PDECOCUR|ADECOCUR|PONDIIO|TOT_P12|P47T|DECINDR|IDECINDR|RDECINDR|GDECINDR|PDECINDR|ADECINDR|PONDII|V2_M|V3_M|V4_M|V5_M|V8_M|V9_M|V10_M|V11_M|V12_M|V18_M|V19_AM|V21_M|T_VI|ITF|DECIFR|IDECIFR|RDECIFR|GDECIFR|PDECIFR|ADECIFR|IPCF|DECCFR|IDECCFR|RDECCFR|GDECCFR|PDECCFR|ADECCFR|PONDIH
ARG_EPH_2022_T1,ARG,EPH,household_core,2022,Q1,EPH_usu_1_Trim_2022_txt.zip,microdata_archive,zip,C:/Users/mglez/Documents/MGS/v0013/git_model/merida_raptor_mgs/docs/others/jobs/remote/un/Statistical Analysis Consultant/github_sample/data/NSO/Argentina/EPH_usu_1_Trim_2022_txt.zip,C:/Users/mglez/Documents/MGS/v0013/git_model/gem_unesco_st_analysis_demo/data/raw/NSO/Argentina/extracted_recent_microdata/EPH_usu_1_Trim_2022_txt/usu_individual_T122.txt.parquet,existing,Canonical Argentina household source for annual indicator reconstruction,parquet,TRUE,TRUE,177,CODUSU|ANO4|TRIMESTRE|NRO_HOGAR|COMPONENTE|H15|REGION|MAS_500|AGLOMERADO|PONDERA|CH03|CH04|CH05|CH06|CH07|CH08|CH09|CH10|CH11|CH12|CH13|CH14|CH15|CH15_COD|CH16|CH16_COD|NIVEL_ED|ESTADO|CAT_OCUP|CAT_INAC|IMPUTA|PP02C1|PP02C2|PP02C3|PP02C4|PP02C5|PP02C6|PP02C7|PP02C8|PP02E|PP02H|PP02I|PP03C|PP03D|PP3E_TOT|PP3F_TOT|PP03G|PP03H|PP03I|PP03J|INTENSI|PP04A|PP04B_COD|PP04B1|PP04B2|PP04B3_MES|PP04B3_ANO|PP04B3_DIA|PP04C|PP04C99|PP04D_COD|PP04G|PP05B2_MES|PP05B2_ANO|PP05B2_DIA|PP05C_1|PP05C_2|PP05C_3|PP05E|PP05F|PP05H|PP06A|PP06C|PP06D|PP06E|PP06H|PP07A|PP07C|PP07D|PP07E|PP07F1|PP07F2|PP07F3|PP07F4|PP07F5|PP07G1|PP07G2|PP07G3|PP07G4|PP07G_59|PP07H|PP07I|PP07J|PP07K|PP08D1|PP08D4|PP08F1|PP08F2|PP08J1|PP08J2|PP08J3|PP09A|PP09A_ESP|PP09B|PP09C|PP09C_ESP|PP10A|PP10C|PP10D|PP10E|PP11A|PP11B_COD|PP11B1|PP11B2_MES|PP11B2_ANO|PP11B2_DIA|PP11C|PP11C99|PP11D_COD|PP11G_ANO|PP11G_MES|PP11G_DIA|PP11L|PP11L1|PP11M|PP11N|PP11O|PP11P|PP11Q|PP11R|PP11S|PP11T|P21|DECOCUR|IDECOCUR|RDECOCUR|GDECOCUR|PDECOCUR|ADECOCUR|PONDIIO|TOT_P12|P47T|DECINDR|IDECINDR|RDECINDR|GDECINDR|PDECINDR|ADECINDR|PONDII|V2_M|V3_M|V4_M|V5_M|V8_M|V9_M|V10_M|V11_M|V12_M|V18_M|V19_AM|V21_M|T_VI|ITF|DECIFR|IDECIFR|RDECIFR|GDECIFR|PDECIFR|ADECIFR|IPCF|DECCFR|IDECCFR|RDECCFR|GDECCFR|PDECCFR|ADECCFR|PONDIH
ARG_EPH_2022_T2,ARG,EPH,household_core,2022,Q2,EPH_usu_2_Trim_2022_txt.zip,microdata_archive,zip,C:/Users/mglez/Documents/MGS/v0013/git_model/merida_raptor_mgs/docs/others/jobs/remote/un/Statistical Analysis Consultant/github_sample/data/NSO/Argentina/EPH_usu_2_Trim_2022_txt.zip,C:/Users/mglez/Documents/MGS/v0013/git_model/gem_unesco_st_analysis_demo/data/raw/NSO/Argentina/extracted_recent_microdata/EPH_usu_2_Trim_2022_txt/usu_individual_T222.txt.parquet,existing,Canonical Argentina household source for annual indicator reconstruction,parquet,TRUE,TRUE,177,CODUSU|ANO4|TRIMESTRE|NRO_HOGAR|COMPONENTE|H15|REGION|MAS_500|AGLOMERADO|PONDERA|CH03|CH04|CH05|CH06|CH07|CH08|CH09|CH10|CH11|CH12|CH13|CH14|CH15|CH15_COD|CH16|CH16_COD|NIVEL_ED|ESTADO|CAT_OCUP|CAT_INAC|IMPUTA|PP02C1|PP02C2|PP02C3|PP02C4|PP02C5|PP02C6|PP02C7|PP02C8|PP02E|PP02H|PP02I|PP03C|PP03D|PP3E_TOT|PP3F_TOT|PP03G|PP03H|PP03I|PP03J|INTENSI|PP04A|PP04B_COD|PP04B1|PP04B2|PP04B3_MES|PP04B3_ANO|PP04B3_DIA|PP04C|PP04C99|PP04D_COD|PP04G|PP05B2_MES|PP05B2_ANO|PP05B2_DIA|PP05C_1|PP05C_2|PP05C_3|PP05E|PP05F|PP05H|PP06A|PP06C|PP06D|PP06E|PP06H|PP07A|PP07C|PP07D|PP07E|PP07F1|PP07F2|PP07F3|PP07F4|PP07F5|PP07G1|PP07G2|PP07G3|PP07G4|PP07G_59|PP07H|PP07I|PP07J|PP07K|PP08D1|PP08D4|PP08F1|PP08F2|PP08J1|PP08J2|PP08J3|PP09A|PP09A_ESP|PP09B|PP09C|PP09C_ESP|PP10A|PP10C|PP10D|PP10E|PP11A|PP11B_COD|PP11B1|PP11B2_MES|PP11B2_ANO|PP11B2_DIA|PP11C|PP11C99|PP11D_COD|PP11G_ANO|PP11G_MES|PP11G_DIA|PP11L|PP11L1|PP11M|PP11N|PP11O|PP11P|PP11Q|PP11R|PP11S|PP11T|P21|DECOCUR|IDECOCUR|RDECOCUR|GDECOCUR|PDECOCUR|ADECOCUR|PONDIIO|TOT_P12|P47T|DECINDR|IDECINDR|RDECINDR|GDECINDR|PDECINDR|ADECINDR|PONDII|V2_M|V3_M|V4_M|V5_M|V8_M|V9_M|V10_M|V11_M|V12_M|V18_M|V19_AM|V21_M|T_VI|ITF|DECIFR|IDECIFR|RDECIFR|GDECIFR|PDECIFR|ADECIFR|IPCF|DECCFR|IDECCFR|RDECCFR|GDECCFR|PDECCFR|ADECCFR|PONDIH
ARG_EPH_2022_T3,ARG,EPH,household_core,2022,Q3,EPH_usu_3_Trim_2022_txt.zip,microdata_archive,zip,C:/Users/mglez/Documents/MGS/v0013/git_model/merida_raptor_mgs/docs/others/jobs/remote/un/Statistical Analysis Consultant/github_sample/data/NSO/Argentina/EPH_usu_3_Trim_2022_txt.zip,C:/Users/mglez/Documents/MGS/v0013/git_model/gem_unesco_st_analysis_demo/data/raw/NSO/Argentina/extracted_recent_microdata/EPH_usu_3_Trim_2022_txt/usu_individual_T322.txt.parquet,existing,Canonical Argentina household source for annual indicator reconstruction,parquet,TRUE,TRUE,177,CODUSU|ANO4|TRIMESTRE|NRO_HOGAR|COMPONENTE|H15|REGION|MAS_500|AGLOMERADO|PONDERA|CH03|CH04|CH05|CH06|CH07|CH08|CH09|CH10|CH11|CH12|CH13|CH14|CH15|CH15_COD|CH16|CH16_COD|NIVEL_ED|ESTADO|CAT_OCUP|CAT_INAC|IMPUTA|PP02C1|PP02C2|PP02C3|PP02C4|PP02C5|PP02C6|PP02C7|PP02C8|PP02E|PP02H|PP02I|PP03C|PP03D|PP3E_TOT|PP3F_TOT|PP03G|PP03H|PP03I|PP03J|INTENSI|PP04A|PP04B_COD|PP04B1|PP04B2|PP04B3_MES|PP04B3_ANO|PP04B3_DIA|PP04C|PP04C99|PP04D_COD|PP04G|PP05B2_MES|PP05B2_ANO|PP05B2_DIA|PP05C_1|PP05C_2|PP05C_3|PP05E|PP05F|PP05H|PP06A|PP06C|PP06D|PP06E|PP06H|PP07A|PP07C|PP07D|PP07E|PP07F1|PP07F2|PP07F3|PP07F4|PP07F5|PP07G1|PP07G2|PP07G3|PP07G4|PP07G_59|PP07H|PP07I|PP07J|PP07K|PP08D1|PP08D4|PP08F1|PP08F2|PP08J1|PP08J2|PP08J3|PP09A|PP09A_ESP|PP09B|PP09C|PP09C_ESP|PP10A|PP10C|PP10D|PP10E|PP11A|PP11B_COD|PP11B1|PP11B2_MES|PP11B2_ANO|PP11B2_DIA|PP11C|PP11C99|PP11D_COD|PP11G_ANO|PP11G_MES|PP11G_DIA|PP11L|PP11L1|PP11M|PP11N|PP11O|PP11P|PP11Q|PP11R|PP11S|PP11T|P21|DECOCUR|IDECOCUR|RDECOCUR|GDECOCUR|PDECOCUR|ADECOCUR|PONDIIO|TOT_P12|P47T|DECINDR|IDECINDR|RDECINDR|GDECINDR|PDECINDR|ADECINDR|PONDII|V2_M|V3_M|V4_M|V5_M|V8_M|V9_M|V10_M|V11_M|V12_M|V18_M|V19_AM|V21_M|T_VI|ITF|DECIFR|IDECIFR|RDECIFR|GDECIFR|PDECIFR|ADECIFR|IPCF|DECCFR|IDECCFR|RDECCFR|GDECCFR|PDECCFR|ADECCFR|PONDIH
ARG_EPH_2022_T4,ARG,EPH,household_core,2022,Q4,EPH_usu_4_Trim_2022_txt.zip,microdata_archive,zip,C:/Users/mglez/Documents/MGS/v0013/git_model/merida_raptor_mgs/docs/others/jobs/remote/un/Statistical Analysis Consultant/github_sample/data/NSO/Argentina/EPH_usu_4_Trim_2022_txt.zip,C:/Users/mglez/Documents/MGS/v0013/git_model/gem_unesco_st_analysis_demo/data/raw/NSO/Argentina/extracted_recent_microdata/EPH_usu_4_Trim_2022_txt/usu_individual_T422.txt.parquet,existing,Canonical Argentina household source for annual indicator reconstruction,parquet,TRUE,TRUE,177,CODUSU|ANO4|TRIMESTRE|NRO_HOGAR|COMPONENTE|H15|REGION|MAS_500|AGLOMERADO|PONDERA|CH03|CH04|CH05|CH06|CH07|CH08|CH09|CH10|CH11|CH12|CH13|CH14|CH15|CH15_COD|CH16|CH16_COD|NIVEL_ED|ESTADO|CAT_OCUP|CAT_INAC|IMPUTA|PP02C1|PP02C2|PP02C3|PP02C4|PP02C5|PP02C6|PP02C7|PP02C8|PP02E|PP02H|PP02I|PP03C|PP03D|PP3E_TOT|PP3F_TOT|PP03G|PP03H|PP03I|PP03J|INTENSI|PP04A|PP04B_COD|PP04B1|PP04B2|PP04B3_MES|PP04B3_ANO|PP04B3_DIA|PP04C|PP04C99|PP04D_COD|PP04G|PP05B2_MES|PP05B2_ANO|PP05B2_DIA|PP05C_1|PP05C_2|PP05C_3|PP05E|PP05F|PP05H|PP06A|PP06C|PP06D|PP06E|PP06H|PP07A|PP07C|PP07D|PP07E|PP07F1|PP07F2|PP07F3|PP07F4|PP07F5|PP07G1|PP07G2|PP07G3|PP07G4|PP07G_59|PP07H|PP07I|PP07J|PP07K|PP08D1|PP08D4|PP08F1|PP08F2|PP08J1|PP08J2|PP08J3|PP09A|PP09A_ESP|PP09B|PP09C|PP09C_ESP|PP10A|PP10C|PP10D|PP10E|PP11A|PP11B_COD|PP11B1|PP11B2_MES|PP11B2_ANO|PP11B2_DIA|PP11C|PP11C99|PP11D_COD|PP11G_ANO|PP11G_MES|PP11G_DIA|PP11L|PP11L1|PP11M|PP11N|PP11O|PP11P|PP11Q|PP11R|PP11S|PP11T|P21|DECOCUR|IDECOCUR|RDECOCUR|GDECOCUR|PDECOCUR|ADECOCUR|PONDIIO|TOT_P12|P47T|DECINDR|IDECINDR|RDECINDR|GDECINDR|PDECINDR|ADECINDR|PONDII|V2_M|V3_M|V4_M|V5_M|V8_M|V9_M|V10_M|V11_M|V12_M|V18_M|V19_AM|V21_M|T_VI|ITF|DECIFR|IDECIFR|RDECIFR|GDECIFR|PDECIFR|ADECIFR|IPCF|DECCFR|IDECCFR|RDECCFR|GDECCFR|PDECCFR|ADECCFR|PONDIH
ARG_EPH_2023_T1,ARG,EPH,household_core,2023,Q1,EPH_usu_1_Trim_2023_txt.zip,microdata_archive,zip,C:/Users/mglez/Documents/MGS/v0013/git_model/merida_raptor_mgs/docs/others/jobs/remote/un/Statistical Analysis Consultant/github_sample/data/NSO/Argentina/EPH_usu_1_Trim_2023_txt.zip,C:/Users/mglez/Documents/MGS/v0013/git_model/gem_unesco_st_analysis_demo/data/raw/NSO/Argentina/extracted_recent_microdata/EPH_usu_1_Trim_2023_txt/usu_individual_T123.parquet,existing,Canonical Argentina household source for annual indicator reconstruction,parquet,TRUE,TRUE,177,CODUSU|ANO4|TRIMESTRE|NRO_HOGAR|COMPONENTE|H15|REGION|MAS_500|AGLOMERADO|PONDERA|CH03|CH04|CH05|CH06|CH07|CH08|CH09|CH10|CH11|CH12|CH13|CH14|CH15|CH15_COD|CH16|CH16_COD|NIVEL_ED|ESTADO|CAT_OCUP|CAT_INAC|IMPUTA|PP02C1|PP02C2|PP02C3|PP02C4|PP02C5|PP02C6|PP02C7|PP02C8|PP02E|PP02H|PP02I|PP03C|PP03D|PP3E_TOT|PP3F_TOT|PP03G|PP03H|PP03I|PP03J|INTENSI|PP04A|PP04B_COD|PP04B1|PP04B2|PP04B3_MES|PP04B3_ANO|PP04B3_DIA|PP04C|PP04C99|PP04D_COD|PP04G|PP05B2_MES|PP05B2_ANO|PP05B2_DIA|PP05C_1|PP05C_2|PP05C_3|PP05E|PP05F|PP05H|PP06A|PP06C|PP06D|PP06E|PP06H|PP07A|PP07C|PP07D|PP07E|PP07F1|PP07F2|PP07F3|PP07F4|PP07F5|PP07G1|PP07G2|PP07G3|PP07G4|PP07G_59|PP07H|PP07I|PP07J|PP07K|PP08D1|PP08D4|PP08F1|PP08F2|PP08J1|PP08J2|PP08J3|PP09A|PP09A_ESP|PP09B|PP09C|PP09C_ESP|PP10A|PP10C|PP10D|PP10E|PP11A|PP11B_COD|PP11B1|PP11B2_MES|PP11B2_ANO|PP11B2_DIA|PP11C|PP11C99|PP11D_COD|PP11G_ANO|PP11G_MES|PP11G_DIA|PP11L|PP11L1|PP11M|PP11N|PP11O|PP11P|PP11Q|PP11R|PP11S|PP11T|P21|DECOCUR|IDECOCUR|RDECOCUR|GDECOCUR|PDECOCUR|ADECOCUR|PONDIIO|TOT_P12|P47T|DECINDR|IDECINDR|RDECINDR|GDECINDR|PDECINDR|ADECINDR|PONDII|V2_M|V3_M|V4_M|V5_M|V8_M|V9_M|V10_M|V11_M|V12_M|V18_M|V19_AM|V21_M|T_VI|ITF|DECIFR|IDECIFR|RDECIFR|GDECIFR|PDECIFR|ADECIFR|IPCF|DECCFR|IDECCFR|RDECCFR|GDECCFR|PDECCFR|ADECCFR|PONDIH
ARG_EPH_2023_T2,ARG,EPH,household_core,2023,Q2,EPH_usu_2_Trim_2023_txt.zip,microdata_archive,zip,C:/Users/mglez/Documents/MGS/v0013/git_model/merida_raptor_mgs/docs/others/jobs/remote/un/Statistical Analysis Consultant/github_sample/data/NSO/Argentina/EPH_usu_2_Trim_2023_txt.zip,C:/Users/mglez/Documents/MGS/v0013/git_model/gem_unesco_st_analysis_demo/data/raw/NSO/Argentina/extracted_recent_microdata/EPH_usu_2_Trim_2023_txt/usu_individual_T223.parquet,existing,Canonical Argentina household source for annual indicator reconstruction,parquet,TRUE,TRUE,177,CODUSU|ANO4|TRIMESTRE|NRO_HOGAR|COMPONENTE|H15|REGION|MAS_500|AGLOMERADO|PONDERA|CH03|CH04|CH05|CH06|CH07|CH08|CH09|CH10|CH11|CH12|CH13|CH14|CH15|CH15_COD|CH16|CH16_COD|NIVEL_ED|ESTADO|CAT_OCUP|CAT_INAC|IMPUTA|PP02C1|PP02C2|PP02C3|PP02C4|PP02C5|PP02C6|PP02C7|PP02C8|PP02E|PP02H|PP02I|PP03C|PP03D|PP3E_TOT|PP3F_TOT|PP03G|PP03H|PP03I|PP03J|INTENSI|PP04A|PP04B_COD|PP04B1|PP04B2|PP04B3_MES|PP04B3_ANO|PP04B3_DIA|PP04C|PP04C99|PP04D_COD|PP04G|PP05B2_MES|PP05B2_ANO|PP05B2_DIA|PP05C_1|PP05C_2|PP05C_3|PP05E|PP05F|PP05H|PP06A|PP06C|PP06D|PP06E|PP06H|PP07A|PP07C|PP07D|PP07E|PP07F1|PP07F2|PP07F3|PP07F4|PP07F5|PP07G1|PP07G2|PP07G3|PP07G4|PP07G_59|PP07H|PP07I|PP07J|PP07K|PP08D1|PP08D4|PP08F1|PP08F2|PP08J1|PP08J2|PP08J3|PP09A|PP09A_ESP|PP09B|PP09C|PP09C_ESP|PP10A|PP10C|PP10D|PP10E|PP11A|PP11B_COD|PP11B1|PP11B2_MES|PP11B2_ANO|PP11B2_DIA|PP11C|PP11C99|PP11D_COD|PP11G_ANO|PP11G_MES|PP11G_DIA|PP11L|PP11L1|PP11M|PP11N|PP11O|PP11P|PP11Q|PP11R|PP11S|PP11T|P21|DECOCUR|IDECOCUR|RDECOCUR|GDECOCUR|PDECOCUR|ADECOCUR|PONDIIO|TOT_P12|P47T|DECINDR|IDECINDR|RDECINDR|GDECINDR|PDECINDR|ADECINDR|PONDII|V2_M|V3_M|V4_M|V5_M|V8_M|V9_M|V10_M|V11_M|V12_M|V18_M|V19_AM|V21_M|T_VI|ITF|DECIFR|IDECIFR|RDECIFR|GDECIFR|PDECIFR|ADECIFR|IPCF|DECCFR|IDECCFR|RDECCFR|GDECCFR|PDECCFR|ADECCFR|PONDIH
ARG_EPH_2023_T3,ARG,EPH,household_core,2023,Q3,EPH_usu_3_Trim_2023_txt.zip,microdata_archive,zip,C:/Users/mglez/Documents/MGS/v0013/git_model/merida_raptor_mgs/docs/others/jobs/remote/un/Statistical Analysis Consultant/github_sample/data/NSO/Argentina/EPH_usu_3_Trim_2023_txt.zip,C:/Users/mglez/Documents/MGS/v0013/git_model/gem_unesco_st_analysis_demo/data/raw/NSO/Argentina/extracted_recent_microdata/EPH_usu_3_Trim_2023_txt/usu_individual_T323.parquet,existing,Canonical Argentina household source for annual indicator reconstruction,parquet,TRUE,TRUE,177,CODUSU|ANO4|TRIMESTRE|NRO_HOGAR|COMPONENTE|H15|REGION|MAS_500|AGLOMERADO|PONDERA|CH03|CH04|CH05|CH06|CH07|CH08|CH09|CH10|CH11|CH12|CH13|CH14|CH15|CH15_COD|CH16|CH16_COD|NIVEL_ED|ESTADO|CAT_OCUP|CAT_INAC|IMPUTA|PP02C1|PP02C2|PP02C3|PP02C4|PP02C5|PP02C6|PP02C7|PP02C8|PP02E|PP02H|PP02I|PP03C|PP03D|PP3E_TOT|PP3F_TOT|PP03G|PP03H|PP03I|PP03J|INTENSI|PP04A|PP04B_COD|PP04B1|PP04B2|PP04B3_MES|PP04B3_ANO|PP04B3_DIA|PP04C|PP04C99|PP04D_COD|PP04G|PP05B2_MES|PP05B2_ANO|PP05B2_DIA|PP05C_1|PP05C_2|PP05C_3|PP05E|PP05F|PP05H|PP06A|PP06C|PP06D|PP06E|PP06H|PP07A|PP07C|PP07D|PP07E|PP07F1|PP07F2|PP07F3|PP07F4|PP07F5|PP07G1|PP07G2|PP07G3|PP07G4|PP07G_59|PP07H|PP07I|PP07J|PP07K|PP08D1|PP08D4|PP08F1|PP08F2|PP08J1|PP08J2|PP08J3|PP09A|PP09A_ESP|PP09B|PP09C|PP09C_ESP|PP10A|PP10C|PP10D|PP10E|PP11A|PP11B_COD|PP11B1|PP11B2_MES|PP11B2_ANO|PP11B2_DIA|PP11C|PP11C99|PP11D_COD|PP11G_ANO|PP11G_MES|PP11G_DIA|PP11L|PP11L1|PP11M|PP11N|PP11O|PP11P|PP11Q|PP11R|PP11S|PP11T|P21|DECOCUR|IDECOCUR|RDECOCUR|GDECOCUR|PDECOCUR|ADECOCUR|PONDIIO|TOT_P12|P47T|DECINDR|IDECINDR|RDECINDR|GDECINDR|PDECINDR|ADECINDR|PONDII|V2_M|V3_M|V4_M|V5_M|V8_M|V9_M|V10_M|V11_M|V12_M|V18_M|V19_AM|V21_M|T_VI|ITF|DECIFR|IDECIFR|RDECIFR|GDECIFR|PDECIFR|ADECIFR|IPCF|DECCFR|IDECCFR|RDECCFR|GDECCFR|PDECCFR|ADECCFR|PONDIH
ARG_EPH_2023_T4,ARG,EPH,household_core,2023,Q4,EPH_usu_4_Trim_2023_txt.zip,microdata_archive,zip,C:/Users/mglez/Documents/MGS/v0013/git_model/merida_raptor_mgs/docs/others/jobs/remote/un/Statistical Analysis Consultant/github_sample/data/NSO/Argentina/EPH_usu_4_Trim_2023_txt.zip,C:/Users/mglez/Documents/MGS/v0013/git_model/gem_unesco_st_analysis_demo/data/raw/NSO/Argentina/extracted_recent_microdata/EPH_usu_4_Trim_2023_txt/usu_individual_T423.parquet,existing,Canonical Argentina household source for annual indicator reconstruction,parquet,TRUE,TRUE,235,CODUSU|ANO4|TRIMESTRE|NRO_HOGAR|COMPONENTE|H15|REGION|MAS_500|AGLOMERADO|PONDERA|CH03|CH04|CH05|CH06|CH07|CH08|CH09|CH10|CH11|CH12|CH13|CH14|CH15|CH15_COD|CH16|CH16_COD|NIVEL_ED|ESTADO|CAT_OCUP|CAT_INAC|IMPUTA|PP02C1|PP02C2|PP02C3|PP02C4|PP02C5|PP02C6|PP02C7|PP02C8|PP02E|PP02H|PP02I|PP03C|PP03D|PP3E_TOT|PP3F_TOT|PP03G|PP03H|PP03I|PP03J|INTENSI|PP04A|PP04B_COD|PP04B1|PP04B2|PP04B3_MES|PP04B3_ANO|PP04B3_DIA|PP04C|PP04C99|PP04D_COD|PP04G|PP05B2_MES|PP05B2_ANO|PP05B2_DIA|PP05C_1|PP05C_2|PP05C_3|PP05E|PP05F|PP05H|PP06A|PP06C|PP06D|PP06E|PP06H|PP07A|PP07C|PP07D|PP07E|PP07F1|PP07F2|PP07F3|PP07F4|PP07F5|PP07G1|PP07G2|PP07G3|PP07G4|PP07G_59|PP07H|PP07I|PP07J|PP07K|PP08D1|PP08D4|PP08F1|PP08F2|PP08J1|PP08J2|PP08J3|PP09A|PP09A_ESP|PP09B|PP09C|PP09C_ESP|PP10A|PP10C|PP10D|PP10E|PP11A|PP11B_COD|PP11B1|PP11B2_MES|PP11B2_ANO|PP11B2_DIA|PP11C|PP11C99|PP11D_COD|PP11G_ANO|PP11G_MES|PP11G_DIA|PP11L|PP11L1|PP11M|PP11N|PP11O|PP11P|PP11Q|PP11R|PP11S|PP11T|P21|DECOCUR|IDECOCUR|RDECOCUR|GDECOCUR|PDECOCUR|ADECOCUR|PONDIIO|TOT_P12|P47T|DECINDR|IDECINDR|RDECINDR|GDECINDR|PDECINDR|ADECINDR|PONDII|V3_M|V4_M|V8_M|V9_M|V10_M|V12_M|V18_M|V19_AM|T_VI|ITF|DECIFR|IDECIFR|RDECIFR|GDECIFR|PDECIFR|ADECIFR|IPCF|DECCFR|IDECCFR|RDECCFR|GDECCFR|PDECCFR|ADECCFR|PONDIH|V2_02_M|V2_03_M|V5_03_M|V11_02_M|PP07B1_01|EMPLEO|SECTOR|PP02A|PP02B|PP02D|PP02F|PP02G|PP03K|PP04A1|PP05B3|PP05I|PP05J|PP05K|PP06E1|PP06K|PP06K_SEM|PP06K_MES|PP06L|PP07F1_1|PP07F1_2|PP07F1_3|PP07I2|PP07I3|PP07I4|PP07L|PP07M|PP08G|PP08G_DSEM|PP08G_DMES|PP08H|PP10B1|PP10B2|PP10B3|PP10B4|PP10B5|PP10B6|PP10B7|PP10B8|PP10B9|PP10B10|PP11L2|V2_01_M|V5_01_M|V5_02_M|V11_01_M|V21_01_M|V21_02_M|V21_03_M|V22_01_M|V22_02_M|V22_03_M|P_DECCF|P_RDECCF|P_GDECCF|P_PDECCF|P_IDECCF|P_ADECCF
ARG_EPH_2024_T1,ARG,EPH,household_core,2024,Q1,EPH_usu_1_Trim_2024_txt.zip,microdata_archive,zip,C:/Users/mglez/Documents/MGS/v0013/git_model/merida_raptor_mgs/docs/others/jobs/remote/un/Statistical Analysis Consultant/github_sample/data/NSO/Argentina/EPH_usu_1_Trim_2024_txt.zip,C:/Users/mglez/Documents/MGS/v0013/git_model/gem_unesco_st_analysis_demo/data/raw/NSO/Argentina/extracted_recent_microdata/EPH_usu_1_Trim_2024_txt/usu_individual_T124.parquet,existing,Canonical Argentina household source for annual indicator reconstruction,parquet,TRUE,TRUE,235,CODUSU|ANO4|TRIMESTRE|NRO_HOGAR|COMPONENTE|H15|REGION|MAS_500|AGLOMERADO|PONDERA|CH03|CH04|CH05|CH06|CH07|CH08|CH09|CH10|CH11|CH12|CH13|CH14|CH15|CH15_COD|CH16|CH16_COD|NIVEL_ED|ESTADO|CAT_OCUP|CAT_INAC|IMPUTA|PP02C1|PP02C2|PP02C3|PP02C4|PP02C5|PP02C6|PP02C7|PP02C8|PP02E|PP02H|PP02I|PP03C|PP03D|PP3E_TOT|PP3F_TOT|PP03G|PP03H|PP03I|PP03J|INTENSI|PP04A|PP04B_COD|PP04B1|PP04B2|PP04B3_MES|PP04B3_ANO|PP04B3_DIA|PP04C|PP04C99|PP04D_COD|PP04G|PP05B2_MES|PP05B2_ANO|PP05B2_DIA|PP05C_1|PP05C_2|PP05C_3|PP05E|PP05F|PP05H|PP06A|PP06C|PP06D|PP06E|PP06H|PP07A|PP07C|PP07D|PP07E|PP07F1|PP07F2|PP07F3|PP07F4|PP07F5|PP07G1|PP07G2|PP07G3|PP07G4|PP07G_59|PP07H|PP07I|PP07J|PP07K|PP08D1|PP08D4|PP08F1|PP08F2|PP08J1|PP08J2|PP08J3|PP09A|PP09A_ESP|PP09B|PP09C|PP09C_ESP|PP10A|PP10C|PP10D|PP10E|PP11A|PP11B_COD|PP11B1|PP11B2_MES|PP11B2_ANO|PP11B2_DIA|PP11C|PP11C99|PP11D_COD|PP11G_ANO|PP11G_MES|PP11G_DIA|PP11L|PP11L1|PP11M|PP11N|PP11O|PP11P|PP11Q|PP11R|PP11S|PP11T|P21|DECOCUR|IDECOCUR|RDECOCUR|GDECOCUR|PDECOCUR|ADECOCUR|PONDIIO|TOT_P12|P47T|DECINDR|IDECINDR|RDECINDR|GDECINDR|PDECINDR|ADECINDR|PONDII|V3_M|V4_M|V8_M|V9_M|V10_M|V12_M|V18_M|V19_AM|T_VI|ITF|DECIFR|IDECIFR|RDECIFR|GDECIFR|PDECIFR|ADECIFR|IPCF|DECCFR|IDECCFR|RDECCFR|GDECCFR|PDECCFR|ADECCFR|PONDIH|V2_02_M|V2_03_M|V5_03_M|V11_02_M|PP07B1_01|EMPLEO|SECTOR|PP02A|PP02B|PP02D|PP02F|PP02G|PP03K|PP04A1|PP05B3|PP05I|PP05J|PP05K|PP06E1|PP06K|PP06K_SEM|PP06K_MES|PP06L|PP07F1_1|PP07F1_2|PP07F1_3|PP07I2|PP07I3|PP07I4|PP07L|PP07M|PP08G|PP08G_DSEM|PP08G_DMES|PP08H|PP10B1|PP10B2|PP10B3|PP10B4|PP10B5|PP10B6|PP10B7|PP10B8|PP10B9|PP10B10|PP11L2|V2_01_M|V5_01_M|V5_02_M|V11_01_M|V21_01_M|V21_02_M|V21_03_M|V22_01_M|V22_02_M|V22_03_M|P_DECCF|P_RDECCF|P_GDECCF|P_PDECCF|P_IDECCF|P_ADECCF
ARG_EPH_2024_T2,ARG,EPH,household_core,2024,Q2,EPH_usu_2_Trim_2024_txt.zip,microdata_archive,zip,C:/Users/mglez/Documents/MGS/v0013/git_model/merida_raptor_mgs/docs/others/jobs/remote/un/Statistical Analysis Consultant/github_sample/data/NSO/Argentina/EPH_usu_2_Trim_2024_txt.zip,C:/Users/mglez/Documents/MGS/v0013/git_model/gem_unesco_st_analysis_demo/data/raw/NSO/Argentina/extracted_recent_microdata/EPH_usu_2_Trim_2024_txt/usu_individual_T224.parquet,existing,Canonical Argentina household source for annual indicator reconstruction,parquet,TRUE,TRUE,235,CODUSU|ANO4|TRIMESTRE|NRO_HOGAR|COMPONENTE|H15|REGION|MAS_500|AGLOMERADO|PONDERA|CH03|CH04|CH05|CH06|CH07|CH08|CH09|CH10|CH11|CH12|CH13|CH14|CH15|CH15_COD|CH16|CH16_COD|NIVEL_ED|ESTADO|CAT_OCUP|CAT_INAC|IMPUTA|PP02C1|PP02C2|PP02C3|PP02C4|PP02C5|PP02C6|PP02C7|PP02C8|PP02E|PP02H|PP02I|PP03C|PP03D|PP3E_TOT|PP3F_TOT|PP03G|PP03H|PP03I|PP03J|INTENSI|PP04A|PP04B_COD|PP04B1|PP04B2|PP04B3_MES|PP04B3_ANO|PP04B3_DIA|PP04C|PP04C99|PP04D_COD|PP04G|PP05B2_MES|PP05B2_ANO|PP05B2_DIA|PP05C_1|PP05C_2|PP05C_3|PP05E|PP05F|PP05H|PP06A|PP06C|PP06D|PP06E|PP06H|PP07A|PP07C|PP07D|PP07E|PP07F1|PP07F2|PP07F3|PP07F4|PP07F5|PP07G1|PP07G2|PP07G3|PP07G4|PP07G_59|PP07H|PP07I|PP07J|PP07K|PP08D1|PP08D4|PP08F1|PP08F2|PP08J1|PP08J2|PP08J3|PP09A|PP09A_ESP|PP09B|PP09C|PP09C_ESP|PP10A|PP10C|PP10D|PP10E|PP11A|PP11B_COD|PP11B1|PP11B2_MES|PP11B2_ANO|PP11B2_DIA|PP11C|PP11C99|PP11D_COD|PP11G_ANO|PP11G_MES|PP11G_DIA|PP11L|PP11L1|PP11M|PP11N|PP11O|PP11P|PP11Q|PP11R|PP11S|PP11T|P21|DECOCUR|IDECOCUR|RDECOCUR|GDECOCUR|PDECOCUR|ADECOCUR|PONDIIO|TOT_P12|P47T|DECINDR|IDECINDR|RDECINDR|GDECINDR|PDECINDR|ADECINDR|PONDII|V3_M|V4_M|V8_M|V9_M|V10_M|V12_M|V18_M|V19_AM|T_VI|ITF|DECIFR|IDECIFR|RDECIFR|GDECIFR|PDECIFR|ADECIFR|IPCF|DECCFR|IDECCFR|RDECCFR|GDECCFR|PDECCFR|ADECCFR|PONDIH|V2_02_M|V2_03_M|V5_03_M|V11_02_M|PP07B1_01|EMPLEO|SECTOR|PP02A|PP02B|PP02D|PP02F|PP02G|PP03K|PP04A1|PP05B3|PP05I|PP05J|PP05K|PP06E1|PP06K|PP06K_SEM|PP06K_MES|PP06L|PP07F1_1|PP07F1_2|PP07F1_3|PP07I2|PP07I3|PP07I4|PP07L|PP07M|PP08G|PP08G_DSEM|PP08G_DMES|PP08H|PP10B1|PP10B2|PP10B3|PP10B4|PP10B5|PP10B6|PP10B7|PP10B8|PP10B9|PP10B10|PP11L2|V2_01_M|V5_01_M|V5_02_M|V11_01_M|V21_01_M|V21_02_M|V21_03_M|V22_01_M|V22_02_M|V22_03_M|P_DECCF|P_RDECCF|P_GDECCF|P_PDECCF|P_IDECCF|P_ADECCF
ARG_EPH_2024_T3,ARG,EPH,household_core,2024,Q3,EPH_usu_3_Trim_2024_txt.zip,microdata_archive,zip,C:/Users/mglez/Documents/MGS/v0013/git_model/merida_raptor_mgs/docs/others/jobs/remote/un/Statistical Analysis Consultant/github_sample/data/NSO/Argentina/EPH_usu_3_Trim_2024_txt.zip,C:/Users/mglez/Documents/MGS/v0013/git_model/gem_unesco_st_analysis_demo/data/raw/NSO/Argentina/extracted_recent_microdata/EPH_usu_3_Trim_2024_txt/usu_individual_T324.parquet,existing,Canonical Argentina household source for annual indicator reconstruction,parquet,TRUE,TRUE,235,CODUSU|ANO4|TRIMESTRE|NRO_HOGAR|COMPONENTE|H15|REGION|MAS_500|AGLOMERADO|PONDERA|CH03|CH04|CH05|CH06|CH07|CH08|CH09|CH10|CH11|CH12|CH13|CH14|CH15|CH15_COD|CH16|CH16_COD|NIVEL_ED|ESTADO|CAT_OCUP|CAT_INAC|IMPUTA|PP02C1|PP02C2|PP02C3|PP02C4|PP02C5|PP02C6|PP02C7|PP02C8|PP02E|PP02H|PP02I|PP03C|PP03D|PP3E_TOT|PP3F_TOT|PP03G|PP03H|PP03I|PP03J|INTENSI|PP04A|PP04B_COD|PP04B1|PP04B2|PP04B3_MES|PP04B3_ANO|PP04B3_DIA|PP04C|PP04C99|PP04D_COD|PP04G|PP05B2_MES|PP05B2_ANO|PP05B2_DIA|PP05C_1|PP05C_2|PP05C_3|PP05E|PP05F|PP05H|PP06A|PP06C|PP06D|PP06E|PP06H|PP07A|PP07C|PP07D|PP07E|PP07F1|PP07F2|PP07F3|PP07F4|PP07F5|PP07G1|PP07G2|PP07G3|PP07G4|PP07G_59|PP07H|PP07I|PP07J|PP07K|PP08D1|PP08D4|PP08F1|PP08F2|PP08J1|PP08J2|PP08J3|PP09A|PP09A_ESP|PP09B|PP09C|PP09C_ESP|PP10A|PP10C|PP10D|PP10E|PP11A|PP11B_COD|PP11B1|PP11B2_MES|PP11B2_ANO|PP11B2_DIA|PP11C|PP11C99|PP11D_COD|PP11G_ANO|PP11G_MES|PP11G_DIA|PP11L|PP11L1|PP11M|PP11N|PP11O|PP11P|PP11Q|PP11R|PP11S|PP11T|P21|DECOCUR|IDECOCUR|RDECOCUR|GDECOCUR|PDECOCUR|ADECOCUR|PONDIIO|TOT_P12|P47T|DECINDR|IDECINDR|RDECINDR|GDECINDR|PDECINDR|ADECINDR|PONDII|V2_02_M|V2_03_M|V3_M|V4_M|V5_03_M|V8_M|V9_M|V10_M|V11_02_M|V12_M|V18_M|V19_AM|T_VI|ITF|DECIFR|IDECIFR|RDECIFR|GDECIFR|PDECIFR|ADECIFR|IPCF|DECCFR|IDECCFR|RDECCFR|GDECCFR|PDECCFR|ADECCFR|PONDIH|EMPLEO|SECTOR|PP02A|PP02B|PP02D|PP02F|PP02G|P_DECCF|P_RDECCF|P_GDECCF|P_PDECCF|P_IDECCF|P_ADECCF|PP03K|PP04A1|PP05B3|PP05I|PP05J|PP05K|PP06E1|PP06K|PP06K_SEM|PP06K_MES|PP06L|PP07B1_01|PP07F1_1|PP07F1_2|PP07F1_3|PP07I2|PP07I3|PP07I4|PP07L|PP07M|PP08G|PP08G_DSEM|PP08G_DMES|PP08H|PP10B1|PP10B2|PP10B3|PP10B4|PP10B5|PP10B6|PP10B7|PP10B8|PP10B9|PP10B10|PP11L2|V2_01_M|V5_01_M|V5_02_M|V11_01_M|V21_01_M|V22_01_M|V21_02_M|V22_02_M|V21_03_M|V22_03_M
ARG_EPH_2024_T4,ARG,EPH,household_core,2024,Q4,EPH_usu_4_Trim_2024_txt.zip,microdata_archive,zip,C:/Users/mglez/Documents/MGS/v0013/git_model/merida_raptor_mgs/docs/others/jobs/remote/un/Statistical Analysis Consultant/github_sample/data/NSO/Argentina/EPH_usu_4_Trim_2024_txt.zip,C:/Users/mglez/Documents/MGS/v0013/git_model/gem_unesco_st_analysis_demo/data/raw/NSO/Argentina/extracted_recent_microdata/EPH_usu_4_Trim_2024_txt/usu_individual_T424.parquet,existing,Canonical Argentina household source for annual indicator reconstruction,parquet,TRUE,TRUE,235,CODUSU|ANO4|TRIMESTRE|NRO_HOGAR|COMPONENTE|H15|REGION|MAS_500|AGLOMERADO|PONDERA|CH03|CH04|CH05|CH06|CH07|CH08|CH09|CH10|CH11|CH12|CH13|CH14|CH15|CH15_COD|CH16|CH16_COD|NIVEL_ED|ESTADO|CAT_OCUP|CAT_INAC|IMPUTA|PP02C1|PP02C2|PP02C3|PP02C4|PP02C5|PP02C6|PP02C7|PP02C8|PP02E|PP02H|PP02I|PP03C|PP03D|PP3E_TOT|PP3F_TOT|PP03G|PP03H|PP03I|PP03J|INTENSI|PP04A|PP04B_COD|PP04B1|PP04B2|PP04B3_MES|PP04B3_ANO|PP04B3_DIA|PP04C|PP04C99|PP04D_COD|PP04G|PP05B2_MES|PP05B2_ANO|PP05B2_DIA|PP05C_1|PP05C_2|PP05C_3|PP05E|PP05F|PP05H|PP06A|PP06C|PP06D|PP06E|PP06H|PP07A|PP07C|PP07D|PP07E|PP07F1|PP07F2|PP07F3|PP07F4|PP07F5|PP07G1|PP07G2|PP07G3|PP07G4|PP07G_59|PP07H|PP07I|PP07J|PP07K|PP08D1|PP08D4|PP08F1|PP08F2|PP08J1|PP08J2|PP08J3|PP09A|PP09A_ESP|PP09B|PP09C|PP09C_ESP|PP10A|PP10C|PP10D|PP10E|PP11A|PP11B_COD|PP11B1|PP11B2_MES|PP11B2_ANO|PP11B2_DIA|PP11C|PP11C99|PP11D_COD|PP11G_ANO|PP11G_MES|PP11G_DIA|PP11L|PP11L1|PP11M|PP11N|PP11O|PP11P|PP11Q|PP11R|PP11S|PP11T|P21|DECOCUR|IDECOCUR|RDECOCUR|GDECOCUR|PDECOCUR|ADECOCUR|PONDIIO|TOT_P12|P47T|DECINDR|IDECINDR|RDECINDR|GDECINDR|PDECINDR|ADECINDR|PONDII|V3_M|V4_M|V8_M|V9_M|V10_M|V12_M|V18_M|V19_AM|T_VI|ITF|DECIFR|IDECIFR|RDECIFR|GDECIFR|PDECIFR|ADECIFR|IPCF|DECCFR|IDECCFR|RDECCFR|GDECCFR|PDECCFR|ADECCFR|PONDIH|V2_02_M|V2_03_M|V5_03_M|V11_02_M|PP07B1_01|EMPLEO|SECTOR|PP02A|PP02B|PP02D|PP02F|PP02G|PP03K|PP04A1|PP05B3|PP05I|PP05J|PP05K|PP06E1|PP06K|PP06K_SEM|PP06K_MES|PP06L|PP07F1_1|PP07F1_2|PP07F1_3|PP07I2|PP07I3|PP07I4|PP07L|PP07M|PP08G|PP08G_DSEM|PP08G_DMES|PP08H|PP10B1|PP10B2|PP10B3|PP10B4|PP10B5|PP10B6|PP10B7|PP10B8|PP10B9|PP10B10|PP11L2|V2_01_M|V5_01_M|V5_02_M|V11_01_M|V21_01_M|V21_02_M|V21_03_M|V22_01_M|V22_02_M|V22_03_M|P_DECCF|P_RDECCF|P_GDECCF|P_PDECCF|P_IDECCF|P_ADECCF
HND_EPHPM_2021,HND,EPHPM,household_core,2021,annual_or_june_release,EPHPM-2021.zip,microdata_archive,zip,C:/Users/mglez/Documents/MGS/v0013/git_model/merida_raptor_mgs/docs/others/jobs/remote/un/Statistical Analysis Consultant/github_sample/data/NSO/Honduras/EPHPM-2021.zip,C:/Users/mglez/Documents/MGS/v0013/git_model/gem_unesco_st_analysis_demo/data/raw/NSO/Honduras/extracted_recent_microdata/EPHPM-2021/HOGARES_OCTUBRE_2021R.sav,existing,Canonical Honduras household source for annual indicator reconstruction,sav,TRUE,TRUE,207,dominio|cor_pre|num_rec|num_hog|Nper|Boleta|@_index|RELA_J|C03|EDAD|CIVIL|C06|P403|CP404|CP405|P406|CP407|P409|CP410|P411|CP412|CP415|CP417|P416|CP419|CP420|CP421|P420|CP423|P422|P501|P502|P503|P504|P505|P506|P507|P508|P509|P510|P511|P512|P513|P514|P515|P516A|P516B|Mesest|P517|P518A|P518B|P519|P520|P521|P522|P523|P524|P525|P605LU|P605MA|P605MI|P605JU|P605VI|P605SA|P605DO|P606|P607|P608|P608A|P610|P611|P612|P613|P614|P615|NIVEL|CATEGOP|P609|OCUPAOP|RAMAOP|P628|P630|P616|P618|P617|P61901|P61902|P61903|P61904|P61905|P61906|P61907|P61908|P620|P621|P622|P623|P624|P625|P626|P627|P629|P631|P632|P633|P634|P635|P636|P637|P638|P639|OSP605LU|OSP605MA|OSP605MI|OSP605JU|OSP605VI|OSP605SA|OSP605DO|OSP606|OSP607|OSP608|OSP608A|OSP609|OSP610|OSP611|OSP612|OSP613|OSP614|OSP615|OSP616|OSP617|OSP618|OSP61901|OSP61902|OSP61903|OSP61904|OSP61905|OSP61906|OSP61907|OSP61908|OSP620|OSP621|OSP622|OSP623|OSP624|OSP625|OSP626|OSP627|OSP628|OSP629|OSP630|OSP631|OSP632|OSP633|OSP634|OSP635|OSP636|OSP637|OSP638|OSP639|DEPTO|MUNIC|P101|P102|P103|P104|DV105|P106|DV107|P108|P109|DH201|DH202|DH203|DH204|DH205|DH206|DH207|TOTPER|O01COD|O02COD|OS01COD|OS02COD|DOMI|SALMIN|NSALMIN|NUMSALMIN|CONDACT|RRAMAOP|TAMESOP|UR|ASAL|THORAS|ACTIVIDA|FACTOR|ANOSEST|TIPINAC|YSMOP|YSEOP|YCMOP|YCEOP|YTRAOP|YMOP|YTRAB|DECLARA|estrab|NIVELJ
HND_EPHPM_2022,HND,EPHPM,household_core,2022,annual_or_june_release,EPHPM2022.zip,microdata_archive,zip,C:/Users/mglez/Documents/MGS/v0013/git_model/merida_raptor_mgs/docs/others/jobs/remote/un/Statistical Analysis Consultant/github_sample/data/NSO/Honduras/EPHPM2022.zip,C:/Users/mglez/Documents/MGS/v0013/git_model/gem_unesco_st_analysis_demo/data/raw/NSO/Honduras/extracted_recent_microdata/EPHPM2022/EPHPM2022.sav,existing,Canonical Honduras household source for annual indicator reconstruction,sav,TRUE,TRUE,255,HOGAR|NPER|DOMINIO|COR_PRE|NUM_REC|NUM_HOG|NHOGAR|V01|V02|V02OTRO|V03|V03OTRO|V04|V04OTRO|V05|V05OTRA|V06|V07|V07OTRO|V08|V08OTRA|V09|V10|V11|V12|H01_1|H01_2|H01_3|H01_4|H01_5|H01_6|H01_7|H01_8|H01_9|H01_10|H01_11|H01_12|H02|H03|H04|H04OTRO|H05|H06|H07|H07OTRO|H08|H09|TOTPER|RELA_J|SEXO|EDAD|CIVIL|ED01|ED02|ED03|ED04|ED04ESP|ED05|ED06|ED07|ED08|ED09|ED10|ED11|ED12|ED13|ED14|ED15|ED16|ED17|ED18|ED19|ED20|ED20ESP|TIC01|TIC02|TIC03|TIC04|AT05_1|AT05_2|AT05_3|AT05_4|AT05_5|AT05_6|AT05_7|AT05_8|AT06_1|AT06_2|AT06_3|AT06_4|AT06_5|AT06_6|AT06_7|AT06_8|TIC07|TIC08|TIC08_OTRO_TIPO_DE_CONEXION|TIC09|CA501|CA502|CA503|CA504|CA505|CA505ESP|CA506|CA507|CA508|CA509|CA510|CA511|CA512|CA513|CA514|CP514_OTRA|CA515|CA_515_OTRO|CA516TIEMPO|CA516DSM|CA517|CA518|CA518TIEMPO|CA519|CA520|CA521|CA522|CA523|CA524|CA525|O01_CODIGO|O02_CODIGO|OC_605_LUNES|OC_605_MARTES|OC_605_MIERCOLES|OC_605_JUEVES|OC_605_VIERNES|OC_605_SABADO|OC_605_DOMINGO|OC606|OC607|OC608|OC_608_CUANTAS|OC609|OC610|OC611|OC612|OC613|OC614|OC615|OC616|OC617|OC617_TIPO_DE_MONEDA|OC618|OC619_ALIMENTOS|OC619_HABITACION|OC619_ROPA_CALZADO|OC619_TRANSPORTE|OC619_COMISION|OC619_BONIFICACION|OC619_PROPINAS|OC619_HORAS_EXTRAS|OC620|OC621|OC622|OC623|OC624|OC625|OC626|OC627|OC628|OC629|OC630|OC631|OC632|OC633|OC634|OC635|OC636|OC637|OC638|OC639|OC_605_LUNES1|OC_605_MARTES1|OC_605_MIERCOLES1|OC_605_JUEVES1|OC_605_VIERNES1|OC_605_SABADO1|OC_605_DOMINGO1|OC6061|OC6071|OC6081|OC_608|OC6091|OC6101|OC6111|OC6121|OC6131|OC6141|OC6151|OC6161|OC6171|OC617_TIPO_DE_MONEDA1|OC6181|OC619_ALIMENTOS1|OC619_HABITACION1|OC619_ROPA_CALZADO1|OC619_TRANSPORTE1|OC619_COMISION1|OC619_BONIFICACION1|OC619_PROPINAS1|OC619_HORAS_EXTRAS1|OC6201|OC6211|OC6221|OC6231|OC6241|OC6251|OC6261|OC6271|OC6281|OC6291|OC6301|OC6311|OC6321|OC6331|OC6341|OC6351|OC6361|OC6371|OC6381|OC6391|FACTOR|CONDACT|TIPINAC|MESESEST|CATEGOP|UR|DOMI|ASAL|NIVEL|ANOSEST|ESTRAB|NIVELJ|RAMAOP|OCUPAOP|SALMIN|NSALMIN|NUMSALMIN|CAMBIO|YSMOP|YSEOP|YCMOP|YCEOP|YTRAOP|YMOP|YTRAB
HND_EPHPM_2023,HND,EPHPM,household_core,2023,annual_or_june_release,EPHPM2023.zip,microdata_archive,zip,C:/Users/mglez/Documents/MGS/v0013/git_model/merida_raptor_mgs/docs/others/jobs/remote/un/Statistical Analysis Consultant/github_sample/data/NSO/Honduras/EPHPM2023.zip,C:/Users/mglez/Documents/MGS/v0013/git_model/gem_unesco_st_analysis_demo/data/raw/NSO/Honduras/extracted_recent_microdata/EPHPM2023/Data de la Encuesta de Hogares junio 2023.sav,existing,Canonical Honduras household source for annual indicator reconstruction,sav,TRUE,TRUE,363,ID|ORDEN|DOMINIO|COR_PRE|NUM_REC|NUM_HOG|V01|V02|V02OTRO|V03|V03OTRO|V04|V04OTRO|V05|V05OTRA|V06|V07|V07OTRO|V08|V08OTRA|V09|V10|V11|V12|H01_1|H01_2|H01_3|H01_4|H01_5|H01_6|H01_7|H01_8|H01_9|H01_10|H01_11|H01_12|H02|H03|H04|H04OTRO|H05|H06|H07|H07OTRO|H08|H09|SEN01|SEN02|SEN03|SEN03_OTROS|SEN04|TOTPER|ME01|ME01HUSA|ME01MUSA|ME01HESP|ME01MESP|ME01HMEX|ME01MMEX|ME01HCA|ME01MCA|ME01HOTRO|ME01MOTRO|ME02|CH307|CH308|RELA_J|EDAD|SEXO|CIVIL|ED01|ED02|ED03|ED04|ED04ESP|ED05|ED06|ED07|ED08|ED09|ED10|ED11|ED11A|ED11B|ED12|ED13|ED14|ED15|ED16|ED17|ED18|ED19|ED20|ED20ESP|CD01|CD02_DEPT|CD02_MUNI|CD02_ALDEA|CD02_PAIS|CD03|CD03_2_TIEMPO|CD04_DEPT|CD04_MUNI|CD04_ALDEA|CD04_PAIS|CD05|TIC01|TIC02|TIC03|TIC04|AT05_1|AT05_2|AT05_3|AT05_4|AT05_5|AT05_6|AT05_7|AT05_8|AT06_1|AT06_2|AT06_3|AT06_4|AT06_5|AT06_6|AT06_7|AT06_8|TIC07|TIC08|TIC09|CA501|CA502|CA503|CA504|CA505|CA505ESP|CA506|CA507|CA508|CA508A|CA509|CA509A|CA509B|CA510|CA511|CA512|CA513|CA514|CP514_OTRA|CA515|CA_515_OTRO|CA516TIEMPO|CA516DSM|CA517|CA518|CA518TIEMPO|CA519|CA520|CA521|CA522|CA523|CA524|CA525|O01_CODIGO|O02_CODIGO|OC_605_LUNES|OC_605_MARTES|OC_605_MIERCOLES|OC_605_JUEVES|OC_605_VIERNES|OC_605_SABADO|OC_605_DOMINGO|OC606|OC607|OC608|OC_608_CUANTAS|OC609|OC610|OC611|OC612|OC613|OC614|OC615|OC616|OC617|OC617_TIPO_DE_MONEDA|OC618|OC619_ALIMENTOS|OC619_HABITACION|OC619_ROPA_CALZADO|OC619_TRANSPORTE|OC619_COMISION|OC619_BONIFICACION|OC619_PROPINAS|OC619_HORAS_EXTRAS|OC620|OC621|OC622|OC623|OC624|OC625|OC626|OC627|OC628|OC629|OC630|OC631|OC632|OC633|OC634|OC635|OC636|OC637|OC638|OC639|OC_605_LUNES1|OC_605_MARTES1|OC_605_MIERCOLES1|OC_605_JUEVES1|OC_605_VIERNES1|OC_605_SABADO1|OC_605_DOMINGO1|OC6061|OC6071|OC6081|OC_608_CUANTAS1|OC6091|OC6101|OC6111|OC6121|OC6131|OC6141|OC6151|OC6161|OC6171|OC617_TIPO_DE_MONEDA1|OC6181|OC619_ALIMENTOS1|OC619_HABITACION1|OC619_ROPA_CALZADO1|OC619_TRANSPORTE1|OC619_COMISION1|OC619_BONIFICACION1|OC619_PROPINAS1|OC619_HORAS_EXTRAS1|OC6201|OC6211|OC6221|OC6231|OC6241|OC6251|OC6261|OC6271|OC6281|OC6291|OC6301|OC6311|OC6321|OC6331|OC6341|OC6351|OC6361|OC6371|OC6381|OC6391|OIH01_LPS|OIH01_US|OIH02_LPS|OIH02_US|OIH03_LPS|OIH03_US|OIH04|OIH05_LPS|OIH05_US|OIH06_LPS|OIH06_US|OIH06_LPS_ESP|OIH06_US_ESP|OIH07_LPS|OIH07_US|OIH07_LPS_ESP|OIH07_US_ESP|OIH08|OIH09|OIH10|OIH11|OIH12_LPS|OIH12_US|OIH12_LPS_ESP|OIH12_US_ESP|OIH13|OIH14|OIH15|OIH16|OIH17|OIH18|OIH19_LPS|OIH19_LPS_ESP|OIH20_LPS|OIH20_LPS_ESP|OI002_1|OI002_2|OI002_3|OI002_4|OI002_5|OI002_6|OI002_7|OI002_8|OI002_9|OI002_10|OI002_11|OI002_12|OI002_OTROS|OI003|OI004|FACTOR|CAMBIO|UR|YSMOP|YSEOP|YCMOP|YCEOP|CATEGOP|YTRAOP|YTRAOS|YTAB|YMOP|YSMOS|YSEOS|YCMOS|YCEOS|YMOS|YTOTHG|YPERHG|QUINTIL|CONDACT|TIPINAC|MESESEST|DOMI|ASAL|NIVEL|ANOSEST|ESTRAB|YHPENS|YHJUBI|YHALQU|YHOTROS|YHAYUF|YHAYUP|YHREME|YHEDUC|YHBONO|YTRABHG|YOTRFHG|YMOPHG|QUINTILH|POBREZA|POBREZA_PER|OCUPAOP|RAMAOP|SALMIN|NSALMIN|NUMSALMIN|ACTIVIDA
HND_EPHPM_2024,HND,EPHPM,household_core,2024,annual_or_june_release,BASE-DE-DATOS-EPHPM_JUNIO_2024.zip,microdata_archive,zip,C:/Users/mglez/Documents/MGS/v0013/git_model/merida_raptor_mgs/docs/others/jobs/remote/un/Statistical Analysis Consultant/github_sample/data/NSO/Honduras/BASE-DE-DATOS-EPHPM_JUNIO_2024.zip,C:/Users/mglez/Documents/MGS/v0013/git_model/gem_unesco_st_analysis_demo/data/raw/NSO/Honduras/extracted_recent_microdata/BASE-DE-DATOS-EPHPM_JUNIO_2024/Data de la Encuesta de Hogares 2024_PD.sav,existing,Canonical Honduras household source for annual indicator reconstruction,sav,TRUE,TRUE,287,HOGAR|ORDEN|DOMINIO|DEPMUESTRA|NUM_REC|NUM_HOG|V01|V02|V03|V04|V05|V06|V07|V08|V09|V10|V11|V12|H01_1|H01_2|H01_3|H01_4|H01_5|H01_6|H01_7|H01_8|H01_9|H01_10|H01_11|H01_12|H02|H03|H04|H05|H06|H07|H08|H09|TOTPER|RELA_J|SEXO|EDAD|CIVIL|CH307|CH308|ED01|ED02|ED03|ED04|ED05|ED06|ED07|ED08|ED09|ED10|ED11|ED11A|ED11B|ED12|ED13|ED14|ED15|ED16|ED17|ED18|ED19|ED20|TIC01|TIC02|TIC03|TIC04|AT05_1|AT05_2|AT05_3|AT05_4|AT05_5|AT05_6|AT05_7|AT05_8|AT06_1|AT06_2|AT06_3|AT06_4|AT06_5|AT06_6|AT06_7|AT06_8|TIC07|TIC08|TIC09|CA501|CA502|CA503|CA504|CA505|CA506|CA507|CA508|CA508A|CA509|CA509A|CA509B|CA510|CA511|CA512|CA513|CA514|CA515|CA516TIEMPO|CA516DSM|CA517|CA518|CA518TIEMPO|CA519|CA520|CA521|CA522|CA523|CA524|CA525|OC_605_LUNES|OC_605_MARTES|OC_605_MIERCOLES|OC_605_JUEVES|OC_605_VIERNES|OC_605_SABADO|OC_605_DOMINGO|OC606|OC607|OC608|OC_608_CUANTAS|OC610|OC611|OC612|OC613|OC617_TIPO_DE_MONEDA|OC616|OC609|OC614|OC615|OC617|OC618|OC619_ALIMENTOS|OC619_HABITACION|OC619_ROPA_CALZADO|OC619_TRANSPORTE|OC619_COMISION|OC619_BONIFICACION|OC619_PROPINAS|OC619_HORAS_EXTRAS|OC620|OC621|OC622|OC623|OC624|OC625|OC626|OC627|OC628|OC629|OC630|OC631|OC632|OC633|OC634|OC635|OC636|OC637|OC638|OC639|OIH01_LPS|OIH01_US|OIH02_LPS|OIH02_US|OIH03_LPS|OIH03_US|OIH04|OIH05_LPS|OIH05_US|OIH06_LPS|OIH06_US|OIH06_LPS_ESP|OIH06_US_ESP|OIH07_LPS|OIH07_US|OIH07_LPS_ESP|OIH07_US_ESP|OIH08|OIH09|OIH10|OIH11|OIH12_LPS|OIH12_US|OIH12_LPS_ESP|OIH12_US_ESP|OIH13|OIH14|OIH15|OIH16|OIH17|OIH18|OIH19_LPS|OIH19_LPS_ESP|OIH20_LPS|OIH20_LPS_ESP|OI002|OI002_OTROS|OI003|OI004|UR|DOMI|FACTOR|O01_CODIGO|O02_CODIGO|OS01_CODIGO|OS02_CODIGO|NPER|CONDACT|TIPINAC|MESEST|CATEGOP|ASAL|REDAD|ANOSEST|ESTRAB|RAMAOP|RAMAOS|OCUPAOP|SALMIN|NSALMIN|NUMSALMIN|TAMESOP|CAMBIO|YSMOP|YSEOP|YCMOP|YCEOP|YMOP|YTRAOP|YSMOS|YSEOS|YCMOS|YCEOS|YTRAOS|YTRAB|YMOS|YHSALAT|YHCTAT|YHPEN|YHJUB|YHALQ|YHPENA|YHAYUFF|YHAYUPP|YHEDU|YHREM|YHBON|YGOB|YOTROS|YHOTRO|YHPENS|YHJUBI|YHALQU|YHOTROS|YHAYUF|YHAYUP|YHREME|YHEDUC|YHBONO|YOTRF|YTRABHG|YOTRFHG|YMOPHG|YTOTHG|YPERHG|QUINTIL|POBREZA|THORAS|ACTIVIDA|TOTHRSOP|YHSALA|YHCTA|PERXPIEZ|HACINA|NIVEL|QUINTILH|TOTPERVI
PRY_EPHC_2021_sav,PRY,EPHC,household_core,2021,quarterly,REG02_EPHC2021.SAV,microdata_file,sav,C:/Users/mglez/Documents/MGS/v0013/git_model/merida_raptor_mgs/docs/others/jobs/remote/un/Statistical Analysis Consultant/github_sample/data/NSO/Paraguay/REG02_EPHC2021.SAV,C:/Users/mglez/Documents/MGS/v0013/git_model/merida_raptor_mgs/docs/others/jobs/remote/un/Statistical Analysis Consultant/github_sample/data/NSO/Paraguay/REG02_EPHC2021.SAV,existing,Canonical Paraguay person-file source for annual indicator reconstruction,sav,TRUE,TRUE,257,UPM|NVIVI|NHOGA|DPTOREP|AREA|L02|P02|P03|P04|P04A|P04B|P05C|P05P|P05M|P06|P08D|P08M|P08A|P09|P10A|P10AB|P10Z|P11A|P11AB|P11Z|P12|A01|A01A|A02|A03|A04|A04B|A04A|A05|A07|A08|A10|A11A|A11M|A11S|A12|A13REC|A14REC|A15|A16|A17A|A17M|A17S|A18|A18A|B01REC|B02REC|B03LU|B03MA|B03MI|B03JU|B03VI|B03SA|B03DO|B04|B05|B05A|B06|B07A|B07M|B07S|B08|B09A|B09M|B09S|B10|B11|B12|B12A|B12B|B12C|B13|B14|B15|B16G|B16U|B16D|B16T|B17|B18AG|B18AU|B18BG|B18BU|B19|B20G|B20U|B20D|B20T|B21|B22|B23|B24|B25|B26|B271|B272|B28|B29|B30|B31|C01REC|C02REC|C03|C04|C05|C06|C07|C08|C09|C101|C102|C11G|C11U|C11D|C11T|C12|C13AG|C13AU|C13BG|C13BU|C14|C14A|C14B|C14C|C15|C16REC|C17REC|C18|C18A|C18B|C19|D01|D02|D03|D04|D05|E01A|E01B|E01C|E01D|E01E|E01F|E01G|E01H|E01I|E01J|E01K|E01L|E01M|E02D1|E02D2|E02B|ED01|ED02|ED03|ED0504|ED06C|ED08|ED09|ED10|ED11F1|ED11F1A|ED11GH1|ED11GH1A|ED12|ED13|ED14|ED14A|ED15|S01A|S01B|S02|S03|S03A|S03B|S03C|S04|S05|S06|S07|S08|S09|CATE_PEA|TAMA_PEA|OCUP_PEA|RAMA_PEA|HORAB|HORABC|HORABCO|PEAD|PEAA|TIPOHOGA|FEX|NJEF|NCON|NPAD|NMAD|TIC01|TIC02|TIC03|TIC0401|TIC0402|TIC0403|TIC0404|TIC0405|TIC0406|TIC0407|TIC0408|TIC0409|TIC0501|TIC0502|TIC0503|TIC0504|TIC0505|TIC0506|TIC0507|TIC0508|TIC0509|TIC0510|TIC0511|TIC0512|TIC0513|TIC06|TIC07|añoest|ra06ya09|e01aimde|e01bimde|e01cimde|e01dde|e01ede|e01fde|e01gde|e01hde|e01ide|e01jde|e01kde|e01lde|e01mde|e01kjde|e02bde|ingrevasode|ingrepytyvõde|ingresect_privadode|ipcm|pobrezai|pobnopoi|quintili|decili|quintiai|decilai|informalidad
PRY_EPHC_2022_sav,PRY,EPHC,household_core,2022,annual,REG02_EPHC_ANUAL_2022.SAV,microdata_file,sav,C:/Users/mglez/Documents/MGS/v0013/git_model/merida_raptor_mgs/docs/others/jobs/remote/un/Statistical Analysis Consultant/github_sample/data/NSO/Paraguay/REG02_EPHC_ANUAL_2022.SAV,C:/Users/mglez/Documents/MGS/v0013/git_model/merida_raptor_mgs/docs/others/jobs/remote/un/Statistical Analysis Consultant/github_sample/data/NSO/Paraguay/REG02_EPHC_ANUAL_2022.SAV,existing,Canonical Paraguay person-file source for annual indicator reconstruction,sav,TRUE,TRUE,213,UPM|NVIVI|NHOGA|AÑO|DPTO|AREA|L02|P02|P03|P04|P04A|P04B|P05C|P05P|P05M|P06|P08D|P08M|P08A|P09|A01|A01A|A02|A03|A04|A04A|A04B|A05|A07|A08|A10|A11A|A11M|A11S|A12|A13REC|A14REC|A15|A16|A17A|A17M|A17S|A18|B01REC|B02REC|B03LU|B03MA|B03MI|B03JU|B03VI|B03SA|B03DO|B04|B05|B06|B07A|B07M|B07S|B08|B09A|B09M|B09S|B10|B11|B12|B12A|B12B|B12C|B13|B14|B15|B16G|B16U|B16D|B16T|B17|B18AG|B18AU|B18BG|B18BU|B19|B20G|B20U|B20D|B20T|B21|B22|B23|B24|B25|B26|B271|B272|B28|B29|B30|B31|C01REC|C02REC|C03|C04|C05|C06|C07|C08|C09|C101|C102|C11G|C11U|C11D|C11T|C12|C13AG|C13AU|C13BG|C13BU|C14|C14A|C14B|C14C|C15|C16REC|C17REC|C18|C18A|C18B|C19|D01|D02|D03|D04|D05|E01A|E01B|E01C|E01D|E01E|E01F|E01G|E01H|E01I|E01J|E01K|E01L|E01M|ED01|ED02|ED03|ED0504|ED06C|ED08|ED09|ED10|ED11F1|ED11F1A|ED11GH1|ED11GH1A|S01A|S01B|S02|S03|S03A|S03B|S03C|S04|S05|S06|S07|S08|S09|CATE_PEA|TAMA_PEA|OCUP_PEA|RAMA_PEA|HORAB|HORABC|HORABCO|PEAD|PEAA|TIPOHOGA|FEX.2022|NJEF|NCON|NPAD|NMAD|añoest|ra06ya09|e01aimde|e01bimde|e01cimde|e01dde|e01ede|e01fde|e01gde|e01hde|e01ide|e01jde|e01kde|e01lde|e01mde|e01kjde|e02bde|ingrevasode|ingrealmuerzode|ipcm|pobrezai|pobnopoi|quintili|decili|quintiai|decilai|informalidad
PRY_EPHC_2023_sav,PRY,EPHC,household_core,2023,annual,REG02_EPHC_ANUAL_2023.SAV,microdata_file,sav,C:/Users/mglez/Documents/MGS/v0013/git_model/merida_raptor_mgs/docs/others/jobs/remote/un/Statistical Analysis Consultant/github_sample/data/NSO/Paraguay/REG02_EPHC_ANUAL_2023.SAV,C:/Users/mglez/Documents/MGS/v0013/git_model/merida_raptor_mgs/docs/others/jobs/remote/un/Statistical Analysis Consultant/github_sample/data/NSO/Paraguay/REG02_EPHC_ANUAL_2023.SAV,existing,Canonical Paraguay person-file source for annual indicator reconstruction,sav,TRUE,TRUE,213,UPM|NVIVI|NHOGA|AÑO|DPTO|AREA|L02|P02|P03|P04|P04A|P04B|P05C|P05P|P05M|P06|P08D|P08M|P08A|P09|A01|A01A|A02|A03|A04|A04A|A04B|A05|A07|A08|A10|A11A|A11M|A11S|A12|A13REC|A14REC|A15|A16|A17A|A17M|A17S|A18|B01REC|B02REC|B03LU|B03MA|B03MI|B03JU|B03VI|B03SA|B03DO|B04|B05|B06|B07A|B07M|B07S|B08|B09A|B09M|B09S|B10|B11|B12|B12A|B12B|B12C|B13|B14|B15|B16G|B16U|B16D|B16T|B17|B18AG|B18AU|B18BG|B18BU|B19|B20G|B20U|B20D|B20T|B21|B22|B23|B24|B25|B26|B271|B272|B28|B29|B30|B31|C01REC|C02REC|C03|C04|C05|C06|C07|C08|C09|C101|C102|C11G|C11U|C11D|C11T|C12|C13AG|C13AU|C13BG|C13BU|C14|C14A|C14B|C14C|C15|C16REC|C17REC|C18|C18A|C18B|C19|D01|D02|D03|D04|D05|E01A|E01B|E01C|E01D|E01E|E01F|E01G|E01H|E01I|E01J|E01K|E01L|E01M|ED01|ED02|ED03|ED0504|ED06C|ED08|ED09|ED10|ED11F1|ED11F1A|ED11GH1|ED11GH1A|S01A|S01B|S02|S03|S03A|S03B|S03C|S04|S05|S06|S07|S08|S09|CATE_PEA|TAMA_PEA|OCUP_PEA|RAMA_PEA|HORAB|HORABC|HORABCO|PEAD|PEAA|TIPOHOGA|FEX.2022|NJEF|NCON|NPAD|NMAD|añoest|ra06ya09|e01aimde|e01bimde|e01cimde|e01dde|e01ede|e01fde|e01gde|e01hde|e01ide|e01jde|e01kde|e01lde|e01mde|e01kjde|e02bde|ingrevasode|ingrealmuerzode|ipcm|pobrezai|pobnopoi|quintili|decili|quintiai|decilai|informalidad
PRY_EPHC_2024_sav,PRY,EPHC,household_core,2024,annual,REG02_EPHC_ANUAL_2024.SAV,microdata_file,sav,C:/Users/mglez/Documents/MGS/v0013/git_model/merida_raptor_mgs/docs/others/jobs/remote/un/Statistical Analysis Consultant/github_sample/data/NSO/Paraguay/REG02_EPHC_ANUAL_2024.SAV,C:/Users/mglez/Documents/MGS/v0013/git_model/merida_raptor_mgs/docs/others/jobs/remote/un/Statistical Analysis Consultant/github_sample/data/NSO/Paraguay/REG02_EPHC_ANUAL_2024.SAV,existing,Canonical Paraguay person-file source for annual indicator reconstruction,sav,TRUE,TRUE,213,UPM|NVIVI|NHOGA|AÑO|DPTO|AREA|L02|P02|P03|P04|P04A|P04B|P05C|P05P|P05M|P06|P08D|P08M|P08A|P09|A01|A01A|A02|A03|A04|A04A|A04B|A05|A07|A08|A10|A11A|A11M|A11S|A12|A13REC|A14REC|A15|A16|A17A|A17M|A17S|A18|B01REC|B02REC|B03LU|B03MA|B03MI|B03JU|B03VI|B03SA|B03DO|B04|B05|B06|B07A|B07M|B07S|B08|B09A|B09M|B09S|B10|B11|B12|B12A|B12B|B12C|B13|B14|B15|B16G|B16U|B16D|B16T|B17|B18AG|B18AU|B18BG|B18BU|B19|B20G|B20U|B20D|B20T|B21|B22|B23|B24|B25|B26|B271|B272|B28|B29|B30|B31|C01REC|C02REC|C03|C04|C05|C06|C07|C08|C09|C101|C102|C11G|C11U|C11D|C11T|C12|C13AG|C13AU|C13BG|C13BU|C14|C14A|C14B|C14C|C15|C16REC|C17REC|C18|C18A|C18B|C19|D01|D02|D03|D04|D05|E01A|E01B|E01C|E01D|E01E|E01F|E01G|E01H|E01I|E01J|E01K|E01L|E01M|ED01|ED02|ED03|ED0504|ED06C|ED08|ED09|ED10|ED11F1|ED11F1A|ED11GH1|ED11GH1A|S01A|S01B|S02|S03|S03A|S03B|S03C|S04|S05|S06|S07|S08|S09|CATE_PEA|TAMA_PEA|OCUP_PEA|RAMA_PEA|HORAB|HORABC|HORABCO|PEAD|PEAA|TIPOHOGA|FEX.2022|NJEF|NCON|NPAD|NMAD|añoest|ra06ya09|e01aimde|e01bimde|e01cimde|e01dde|e01ede|e01fde|e01gde|e01hde|e01ide|e01jde|e01kde|e01lde|e01mde|e01kjde|e02bde|ingrevasode|ingrealmuerzode|ipcm|pobrezai|pobnopoi|quintili|decili|quintiai|decilai|informalidad
LEARN_ERCE_2019,ARG;HND;PRY,ERCE,learning,2019,annual,ERCE_2019_databases.zip,microdata_archive,zip,C:/Users/mglez/Documents/MGS/v0013/git_model/gem_unesco_st_analysis_demo/data/raw/ERCE/downloads/ERCE_2019_databases.zip,C:/Users/mglez/Documents/MGS/v0013/git_model/gem_unesco_st_analysis_demo/data/raw/ERCE/downloads/ERCE_2019_databases.zip,active,Canonical regional learning assessment layer,zip,TRUE,TRUE,36,1. Bases de datos/rds/ERCE_2019_QD3.rds|1. Bases de datos/txt/ERCE_2019_QD3.txt|1. Bases de datos/txt/ERCE_2019_QD6.txt|1. Bases de datos/txt/ERCE_2019_QP6.txt|1. Bases de datos/sav/ERCE_2019_QP6.sav|1. Bases de datos/txt/ERCE_2019_QP3.txt|1. Bases de datos/sav/ERCE_2019_QP3.sav|1. Bases de datos/txt/ERCE_2019_HSE.txt|1. Bases de datos/rds/ERCE_2019_QF6.rds|1. Bases de datos/sav/ERCE_2019_QD6.sav|1. Bases de datos/sav/ERCE_2019_QD3.sav|1. Bases de datos/rds/ERCE_2019_QF3.rds|1. Bases de datos/txt/ERCE_2019_QF3.txt|1. Bases de datos/txt/ERCE_2019_QF6.txt|1. Bases de datos/dta/ERCE_2019_HSE.dta|1. Bases de datos/dta/ERCE_2019_QF6.dta|1. Bases de datos/rds/ERCE_2019_QA3.rds|1. Bases de datos/dta/ERCE_2019_QF3.dta|1. Bases de datos/dta/ERCE_2019_QD3.dta|1. Bases de datos/rds/ERCE_2019_QA6.rds|1. Bases de datos/rds/ERCE_2019_QD6.rds|1. Bases de datos/dta/ERCE_2019_QD6.dta|1. Bases de datos/rds/ERCE_2019_QP3.rds|1. Bases de datos/sav/ERCE_2019_HSE.sav|1. Bases de datos/dta/ERCE_2019_QP3.dta|1. Bases de datos/sav/ERCE_2019_QF3.sav|1. Bases de datos/rds/ERCE_2019_QP6.rds|1. Bases de datos/dta/ERCE_2019_QP6.dta|1. Bases de datos/sav/ERCE_2019_QA3.sav|1. Bases de datos/sav/ERCE_2019_QF6.sav|1. Bases de datos/sav/ERCE_2019_QA6.sav|1. Bases de datos/dta/ERCE_2019_QA3.dta|1. Bases de datos/txt/ERCE_2019_QA3.txt|1. Bases de datos/dta/ERCE_2019_QA6.dta|1. Bases de datos/txt/ERCE_2019_QA6.txt|1. Bases de datos/rds/ERCE_2019_HSE.rds
LEARN_UIS_API_2021_2024,ARG;HND;PRY,UIS learning API,learning,2024,2021-2024_window,indicator_records_learning_sample.csv,api_export,csv,C:/Users/mglez/Documents/MGS/v0013/git_model/gem_unesco_st_analysis_demo/data/raw/UIS_LEARNING_API/indicator_records_learning_sample.csv,C:/Users/mglez/Documents/MGS/v0013/git_model/gem_unesco_st_analysis_demo/data/raw/UIS_LEARNING_API/indicator_records_learning_sample.csv,active,Published UIS learning indicator layer for demo reconstruction,csv,TRUE,TRUE,6,indicatorId|geoUnit|year|value|qualifier|magnitude
LEARN_PISA_2022,ARG;PRY,PISA,learning,2022,annual,STU_QQQ_SPSS.zip,microdata_archive,zip,C:/Users/mglez/Documents/MGS/v0013/git_model/gem_unesco_st_analysis_demo/data/raw/PISA/downloads/STU_QQQ_SPSS.zip,C:/Users/mglez/Documents/MGS/v0013/git_model/gem_unesco_st_analysis_demo/data/raw/PISA/downloads/STU_QQQ_SPSS.zip,active,Canonical OECD learning assessment layer,zip,TRUE,TRUE,1,CY08MSP_STU_QQQ.SAV
LEARN_PISAD_2016,HND,PISA-D,learning,2016,annual,CY1MDCI_QQQ_SAV.zip,microdata_archive,zip,C:/Users/mglez/Documents/MGS/v0013/git_model/gem_unesco_st_analysis_demo/data/raw/PISA_D/downloads/CY1MDCI_QQQ_SAV.zip,C:/Users/mglez/Documents/MGS/v0013/git_model/gem_unesco_st_analysis_demo/data/raw/PISA_D/downloads/CY1MDCI_QQQ_SAV.zip,active,Canonical PISA for Development layer,zip,TRUE,TRUE,1,CY1MDCI_QQQ.SAV
POP_WPP_API_2021_2024,ARG;HND;PRY,WPP API,population,2024,2021-2024_window,TPopulation.json;PopByAge5AndSex.json;PopBroadAges.json,api_export,json,C:/Users/mglez/Documents/MGS/v0013/git_model/gem_unesco_st_analysis_demo/data/raw/WPP_API,C:/Users/mglez/Documents/MGS/v0013/git_model/gem_unesco_st_analysis_demo/data/raw/WPP_API/TPopulation.json,active,Population denominators and age structure reference layer,json,TRUE,TRUE,7,pageNumber|pageSize|previousPage|nextPage|pages|total|data
